 ,ticker,security,industry,subindustry,HQ City,HQ State,HQ Country,added,founded, marketCap 
,^GSPC,S&P500,Multisector,Index,,,,,,
,^TNX,10 Year Treasury,,,,,,,,
11,A,Agilent Technologies Inc,Health Care,Health Care Equipment,Santa Clara, California,USA,6/5/2000,1999," $29,275,146,240.00 "
28,AAL,American Airlines Group,Industrials,Airlines,Fort Worth, Texas,USA,3/23/2015,1934," $5,787,373,056.00 "
8,AAP,Advance Auto Parts,Consumer Discretionary,Automotive Retail,Raleigh, North Carolina,USA,7/9/2015,1932," $10,176,534,528.00 "
46,AAPL,Apple Inc.,Information Technology,"Technology Hardware, Storage & Peripherals",Cupertino, California,USA,11/30/1982,1977," $1,605,700,000,000.00 "
2,ABBV,AbbVie Inc.,Health Care,Pharmaceuticals,North Chicago, Illinois,USA,12/31/2012,2013 (1888)," $171,142,000,000.00 "
35,ABC,AmerisourceBergen Corp,Health Care,Health Care Distributors,Chesterbrook, Pennsylvania,USA,8/30/2001,1985," $21,105,096,704.00 "
3,ABMD,ABIOMED Inc,Health Care,Health Care Equipment,Danvers, Massachusetts,USA,5/31/2018,1981," $13,195,218,944.00 "
1,ABT,Abbott Laboratories,Health Care,Health Care Equipment,North Chicago, Illinois,USA,3/31/1964,1888," $175,028,000,000.00 "
4,ACN,Accenture plc,Information Technology,IT Consulting & Other Services,Dublin,,Ireland,7/6/2011,1989," $141,079,000,000.00 "
6,ADBE,Adobe Inc.,Information Technology,Application Software,San Jose, California,USA,5/5/1997,1982," $206,405,000,000.00 "
39,ADI,"Analog Devices, Inc.",Information Technology,Semiconductors,Norwood, Massachusetts,USA,10/12/1999,1965," $41,400,328,192.00 "
49,ADM,Archer-Daniels-Midland Co,Consumer Staples,Agricultural Products,Chicago, Illinois,USA,7/29/1981,1902," $23,380,826,112.00 "
56,ADP,Automatic Data Processing,Information Technology,Internet Services & Infrastructure,Roseland, New Jersey,USA,3/31/1981,1949," $62,502,031,360.00 "
,ADS,Alliance Data Systems,Information Technology,Data Processing & Outsourced Services,Plano, Texas,USA,12/23/2013,1996," $2,115,159,424.00 "
55,ADSK,Autodesk Inc.,Information Technology,Application Software,San Rafael, California,USA,12/1/1989,1982," $51,046,596,608.00 "
27,AEE,Ameren Corp,Utilities,Multi-Utilities,St. Louis, Missouri,USA,9/19/1991,1902," $19,632,773,120.00 "
29,AEP,American Electric Power,Utilities,Electric Utilities,Columbus, Ohio,USA,3/4/1957,1906," $43,636,084,736.00 "
9,AES,AES Corp,Utilities,Independent Power Producers & Energy Traders,Arlington, Virginia,USA,10/2/1998,1981," $10,239,567,872.00 "
10,AFL,AFLAC Inc,Financials,Life & Health Insurance,Columbus, Georgia,USA,5/28/1999,1955," $26,382,768,128.00 "
31,AIG,American International Group,Financials,Property & Casualty Insurance,New York, New York,USA,3/31/1980,1919," $26,967,021,568.00 "
45,AIV,Apartment Investment & Management,Real Estate,Residential REITs,Denver, Colorado,USA,3/14/2003,1994 (1975)," $5,307,001,856.00 "
52,AIZ,Assurant,Financials,Multi-line Insurance,New York, New York,USA,4/10/2007,1892," $6,370,269,184.00 "
51,AJG,Arthur J. Gallagher & Co.,Financials,Insurance Brokers,Itasca, Illinois,USA,5/31/2016,1927," $19,707,310,080.00 "
13,AKAM,Akamai Technologies Inc,Information Technology,Internet Services & Infrastructure,Cambridge, Massachusetts,USA,7/12/2007,1998," $18,132,496,384.00 "
15,ALB,Albemarle Corp,Materials,Specialty Chemicals,Charlotte, North Carolina,USA,7/1/2016,1994," $9,254,005,760.00 "
18,ALGN,Align Technology,Health Care,Health Care Supplies,San Jose, California,USA,6/19/2017,1997," $23,482,402,816.00 "
14,ALK,Alaska Air Group Inc,Industrials,Airlines,Seattle, Washington,USA,5/13/2016,1985," $4,297,830,400.00 "
21,ALL,Allstate Corp,Financials,Property & Casualty Insurance,Northfield Township, Illinois,USA,7/13/1995,1931," $29,639,985,152.00 "
19,ALLE,Allegion,Industrials,Building Products,Dublin,, Ireland,12/2/2013,1908," $9,316,084,736.00 "
17,ALXN,Alexion Pharmaceuticals,Health Care,Biotechnology,Boston, Massachusetts,USA,5/25/2012,1992," $22,411,732,992.00 "
47,AMAT,Applied Materials Inc.,Information Technology,Semiconductor Equipment,Santa Clara, California,USA,3/16/1995,1967," $55,556,956,160.00 "
26,AMCR,Amcor plc,Materials,Paper Packaging,Warmley, ,UK,6/7/2019,2019 (1860)," $16,799,273,984.00 "
7,AMD,Advanced Micro Devices Inc,Information Technology,Semiconductors,Santa Clara, California,USA,3/20/2017,1969," $81,280,589,824.00 "
36,AME,AMETEK Inc.,Industrials,Electrical Components & Equipment,Berwyn, Pennsylvania,USA,9/23/2013,1930," $21,314,232,320.00 "
37,AMGN,Amgen Inc.,Health Care,Biotechnology,Thousand Oaks, California,USA,1/2/1992,1980," $145,873,000,000.00 "
34,AMP,Ameriprise Financial,Financials,Asset Management & Custody Banks,Minneapolis, Minnesota,USA,10/3/2005,1894," $18,994,042,880.00 "
32,AMT,American Tower Corp.,Real Estate,Specialized REITs,Boston, Massachusetts,USA,11/19/2007,1995," $113,633,000,000.00 "
25,AMZN,Amazon.com Inc.,Consumer Discretionary,Internet & Direct Marketing Retail,Seattle, Washington,USA,11/18/2005,1994," $1,500,770,000,000.00 "
50,ANET,Arista Networks,Information Technology,Communications Equipment,Santa Clara, California,USA,8/28/2018,2004," $17,927,581,696.00 "
40,ANSS,ANSYS,Information Technology,Application Software,Canonsburg, Pennsylvania,USA,6/19/2017,1969," $25,123,106,816.00 "
41,ANTM,Anthem,Health Care,Managed Health Care,Indianapolis, Indiana,USA,7/25/2002,2014 (1940s)," $68,194,852,864.00 "
42,AON,Aon plc,Financials,Insurance Brokers,London, ,UK,4/23/1996,1982 (1919)," $47,966,482,432.00 "
43,AOS,A.O. Smith Corp,Industrials,Building Products,Milwaukee, Wisconsin,USA,7/26/2017,1916," $8,268,093,440.00 "
44,APA,Apache Corporation,Energy,Oil & Gas Exploration & Production,Houston, Texas,USA,7/28/1997,1954," $5,359,449,088.00 "
12,APD,Air Products & Chemicals Inc,Materials,Industrial Gases,Allentown, Pennsylvania,USA,4/30/1985,1940," $64,383,647,744.00 "
38,APH,Amphenol Corp,Information Technology,Electronic Components,Wallingford, Connecticut,USA,9/30/2008,1932," $30,888,376,320.00 "
48,APTV,Aptiv PLC,Consumer Discretionary,Auto Parts & Equipment,Dublin,, Ireland,12/24/2012,1994," $22,209,636,352.00 "
16,ARE,Alexandria Real Estate Equities,Real Estate,Office REITs,Pasadena, California,USA,3/20/2017,1994," $21,256,683,520.00 "
54,ATO,Atmos Energy,Utilities,Gas Utilities,Dallas, Texas,USA,2/15/2019,1906," $12,598,135,808.00 "
5,ATVI,Activision Blizzard,Communication Services,Interactive Home Entertainment,Santa Monica, California,USA,8/31/2015,2008," $61,631,094,784.00 "
58,AVB,AvalonBay Communities,Real Estate,Residential REITs,Arlington,Virginia,USA,1/10/2007,1978," $20,666,349,568.00 "
77,AVGO,Broadcom Inc.,Information Technology,Semiconductors,San Jose, California,USA,5/8/2014,1961," $122,984,000,000.00 "
59,AVY,Avery Dennison Corp,Materials,Paper Packaging,Glendale, California,USA,12/31/1987,1990," $10,034,969,600.00 "
33,AWK,American Water Works Company Inc,Utilities,Water Utilities,Camden, New Jersey,USA,3/4/2016,1886," $26,161,446,912.00 "
30,AXP,American Express Co,Financials,Consumer Finance,New York, New York,USA,6/30/1976,1850," $76,737,986,560.00 "
57,AZO,AutoZone Inc,Consumer Discretionary,Specialty Stores,Memphis, Tennessee,USA,1/2/1997,1979," $27,297,560,576.00 "
71,BA,Boeing Company,Industrials,Aerospace & Defense,Chicago, Illinois,USA,3/4/1957,1916," $98,057,109,504.00 "
62,BAC,Bank of America Corp,Financials,Diversified Banks,Charlotte, North Carolina,USA,6/30/1976,1998 (1923 / 1874)," $210,970,000,000.00 "
64,BAX,Baxter International Inc.,Health Care,Health Care Equipment,Deerfield, Illinois,USA,9/30/1972,1931," $45,418,700,800.00 "
67,BBY,Best Buy Co. Inc.,Consumer Discretionary,Computer & Electronics Retail,Richfield, Minnesota,USA,6/29/1999,," $25,053,388,800.00 "
65,BDX,Becton Dickinson,Health Care,Health Care Equipment,Franklin Lakes, New Jersey,USA,9/30/1972,1897," $80,174,112,768.00 "
205,BEN,Franklin Resources,Financials,Asset Management & Custody Banks,San Mateo, California,USA,,1947," $10,203,303,936.00 "
79,BF.B,Brown-Forman Corp.,Consumer Staples,Distillers & Vintners,Louisville, Kentucky,USA,10/31/1982,1870," $31,500,000,000.00 "
69,BIIB,Biogen Inc.,Health Care,Biotechnology,Cambridge, Massachusetts,USA,11/13/2003,1978," $43,113,373,696.00 "
68,BIO,Bio-Rad Laboratories,Health Care,Biotechnology,Hercules, California,USA,6/22/2020,1952," $15,300,000,000.00 "
63,BK,The Bank of New York Mellon,Financials,Asset Management & Custody Banks,New York, New York,USA,3/31/1995,1784," $32,094,781,440.00 "
72,BKNG,Booking Holdings Inc,Consumer Discretionary,Internet & Direct Marketing Retail,Norwalk, Connecticut,USA,11/6/2009,," $69,635,743,744.00 "
60,BKR,Baker Hughes Co,Energy,Oil & Gas Equipment & Services,Houston, Texas,USA,7/7/2017,2017," $16,901,371,904.00 "
70,BLK,BlackRock,Financials,Asset Management & Custody Banks,New York, New York,USA,4/4/2011,," $86,996,721,664.00 "
61,BLL,Ball Corp,Materials,Metal & Glass Containers,Broomfield, Colorado,USA,10/31/1984,," $23,850,305,536.00 "
76,BMY,Bristol-Myers Squibb,Health Care,Health Care Distributors,New York, New York,USA,3/4/1957,1989," $130,897,000,000.00 "
,BNTX,BioNTech ,Health Care,Biotechnology,Mainz,,Germany,,2008," $19,584,086,016.00 "
,BP,BP,Energy,Oil & Gas,London,,UK,,1909," $76,360,335,360.00 "
78,BR,Broadridge Financial Solutions,Information Technology,Data Processing & Outsourced Services,Lake Success, New York,USA,6/18/2018,1962," $15,073,175,552.00 "
66,BRK.B,Berkshire Hathaway,Financials,Multi-Sector Holdings,Omaha, Nebraska,USA,2/16/2010,," $472,840,000,000.00 "
75,BSX,Boston Scientific,Health Care,Health Care Equipment,Marlborough, Massachusetts,USA,2/24/1995,," $55,148,974,080.00 "
73,BWA,BorgWarner,Consumer Discretionary,Auto Parts & Equipment,Auburn Hills, Michigan,USA,12/19/2011,," $7,952,411,648.00 "
74,BXP,Boston Properties,Real Estate,Office REITs,Boston, Massachusetts,USA,4/3/2006,," $14,087,306,240.00 "
,BYND,Beyond Meat,Consumer Defensive,Packaged Foods & Meats,El Segundo,California,United States,4/1/2009,2019," $7,785,188,352.00 "
,BZ=F,,,,,,USA,,,
109,C,Citigroup Inc.,Financials,Diversified Banks,New York, New York,USA,5/31/1988,," $107,572,000,000.00 "
120,CAG,Conagra Brands,Consumer Staples,Packaged Foods & Meats,Chicago, Illinois,USA,8/31/1983,1919," $17,831,852,032.00 "
85,CAH,Cardinal Health Inc.,Health Care,Health Care Distributors,Dublin, Ohio,USA,5/27/1997,," $16,497,208,320.00 "
88,CARR,Carrier Global,Industrials,Building Products,Palm Beach Gardens, Florida,USA,4/3/2020,2020 (1915)," $23,022,505,984.00 "
89,CAT,Caterpillar Inc.,Industrials,Construction Machinery & Heavy Trucks,Deerfield, Illinois,USA,3/4/1957,1925," $74,463,657,984.00 "
103,CB,Chubb Limited,Financials,Property & Casualty Insurance,Zurich,, Switzerland,7/15/2010,," $60,892,573,696.00 "
90,CBOE,Cboe Global Markets,Financials,Financial Exchanges & Data,Chicago, Illinois,USA,3/1/2017,," $9,822,134,272.00 "
91,CBRE,CBRE Group,Real Estate,Real Estate Services,Los Angeles, California,USA,11/10/2006,," $14,465,808,384.00 "
131,CCI,Crown Castle International Corp.,Real Estate,Specialized REITs,Houston, Texas,USA,3/14/2012,," $69,472,395,264.00 "
87,CCL,Carnival Corp.,Consumer Discretionary,"Hotels, Resorts & Cruise Lines",Miami, Florida,USA,12/22/1998,," $11,591,891,968.00 "
82,CDNS,Cadence Design Systems,Information Technology,Application Software,San Jose, California,USA,9/18/2017,," $28,601,473,024.00 "
92,CDW,CDW,Information Technology,Technology Distributors,Lincolnshire, Illinois,USA,9/23/2019,1984," $16,303,949,824.00 "
93,CE,Celanese,Materials,Specialty Chemicals,Irving, Texas,USA,12/24/2018,1918," $10,927,906,816.00 "
97,CERN,Cerner,Health Care,Health Care Technology,North Kansas City, Missouri,USA,4/30/2010,," $21,849,214,976.00 "
98,CF,CF Industries Holdings Inc,Materials,Fertilizers & Agricultural Chemicals,Deerfield, Illinois,USA,8/27/2008,," $6,537,911,808.00 "
110,CFG,Citizens Financial Group,Financials,Regional Banks,Providence, Rhode Island,USA,1/29/2016,," $10,918,182,912.00 "
104,CHD,Church & Dwight,Consumer Staples,Household Products,Ewing, New Jersey,USA,12/29/2015,," $21,114,832,896.00 "
,CHGG,Chegg,Consumer Defensive,Education & Training Services,Santa Clara,California,USA, ,2005," $9,078,088,704.00 "
80,CHRW,C. H. Robinson Worldwide,Industrials,Air Freight & Logistics,Eden Prairie, Minnesota,USA,3/2/2007,1905," $11,585,883,136.00 "
100,CHTR,Charter Communications,Communication Services,Cable & Satellite,Stamford, Connecticut,USA,9/8/2016,," $115,972,000,000.00 "
,CHWY,Chewy,Consumer Staples,Internet Retail,Dania Beach,Florida,USA, ,2011," $18,455,834,624.00 "
105,CI,CIGNA Corp.,Health Care,Managed Health Care,Bloomfield, Connecticut,USA,6/30/1976,1982," $66,792,939,520.00 "
106,CINF,Cincinnati Financial,Financials,Property & Casualty Insurance,Fairfield, Ohio,USA,12/18/1997,," $13,383,550,976.00 "
117,CL,Colgate-Palmolive,Consumer Staples,Household Products,New York, New York,USA,3/4/1957,1806," $63,657,160,704.00 "
112,CLX,The Clorox Company,Consumer Staples,Household Products,Oakland, California,USA,3/31/1969,1913," $28,592,054,272.00 "
119,CMA,Comerica Inc.,Financials,Diversified Banks,Dallas, Texas,USA,12/1/1995,," $5,202,876,416.00 "
118,CMCSA,Comcast Corp.,Communication Services,Cable & Satellite,Philadelphia, Pennsylvania,USA,9/18/2015,," $197,856,000,000.00 "
113,CME,CME Group Inc.,Financials,Financial Exchanges & Data,Chicago, Illinois,USA,8/11/2006,," $60,511,723,520.00 "
102,CMG,Chipotle Mexican Grill,Consumer Discretionary,Restaurants,Newport Beach, California,USA,4/28/2011,," $31,606,591,488.00 "
133,CMI,Cummins Inc.,Industrials,Industrial Machinery,Columbus, Indiana,USA,3/31/1965,1919," $27,770,294,272.00 "
114,CMS,CMS Energy,Utilities,Multi-Utilities,Jackson, Michigan,USA,5/3/1999,," $18,183,618,560.00 "
94,CNC,Centene Corporation,Health Care,Managed Health Care,St Louis, Missouri,USA,3/30/2016,," $39,096,999,936.00 "
95,CNP,CenterPoint Energy,Utilities,Multi-Utilities,Houston, Texas,USA,7/31/1985,," $9,922,449,408.00 "
84,COF,Capital One Financial,Financials,Consumer Finance,Tysons Corner, Virginia,USA,7/1/1998,1935," $29,686,876,160.00 "
81,COG,Cabot Oil & Gas,Energy,Oil & Gas Exploration & Production,Houston, Texas,USA,6/23/2008,," $7,588,887,552.00 "
125,COO,The Cooper Companies,Health Care,Health Care Supplies,San Ramon, California,USA,9/23/2016,," $15,124,199,424.00 "
122,COP,ConocoPhillips,Energy,Oil & Gas Exploration & Production,Houston, Texas,USA,3/4/1957,2002," $43,197,480,960.00 "
,COR,CoreSite Realty,Real Estate,REIT - Office,Denver,Colorado,USA, ,2001," $4,723,900,416.00 "
129,COST,Costco Wholesale Corp.,Consumer Staples,Hypermarkets & Super Centers,Issaquah, Washington,USA,10/1/1993,," $143,840,000,000.00 "
130,COTY,"Coty, Inc",Consumer Staples,Personal Products,New York, New York,USA,10/3/2016,," $3,060,011,008.00 "
,COUP,Coupa Software,Information Technology,Software - Application,San Mateo,California,USA, ,2006," $19,592,955,904.00 "
83,CPB,Campbell Soup,Consumer Staples,Packaged Foods & Meats,Camden, New Jersey,USA,3/4/1957,1869," $14,926,902,272.00 "
126,CPRT,Copart Inc,Industrials,Diversified Support Services,Dallas, Texas,USA,7/2/2018,1982," $21,017,325,568.00 "
408,CRM,Salesforce.com,Information Technology,Application Software,San Francisco, California,USA,9/15/2008,," $169,829,000,000.00 "
108,CSCO,Cisco Systems,Information Technology,Communications Equipment,San Jose, California,USA,12/1/1993,," $195,915,000,000.00 "
132,CSX,CSX Corp.,Industrials,Railroads,Jacksonville, Florida,USA,9/30/1967,1980," $54,608,338,944.00 "
107,CTAS,Cintas Corporation,Industrials,Diversified Support Services,Mason, Ohio,USA,3/1/2001,1929," $31,485,530,112.00 "
96,CTL,CenturyLink Inc,Communication Services,Alternative Carriers,Monroe, Louisiana,USA,3/25/1999,1983 (1877)," $11,073,775,616.00 "
116,CTSH,Cognizant Technology Solutions,Information Technology,IT Consulting & Other Services,Teaneck, New Jersey,USA,11/17/2006,," $33,407,842,304.00 "
128,CTVA,Corteva,Materials,Fertilizers & Agricultural Chemicals,Wilmington, Delaware,USA,6/3/2019,2019," $21,343,512,576.00 "
111,CTXS,Citrix Systems,Information Technology,Application Software,Fort Lauderdale, Florida,USA,12/1/1999,," $17,590,534,144.00 "
134,CVS,CVS Health,Health Care,Health Care Services,Woonsocket, Rhode Island,USA,3/4/1957,1996," $82,791,079,936.00 "
101,CVX,Chevron Corp.,Energy,Integrated Oil & Gas,San Ramon, California,USA,3/4/1957,1879," $168,271,000,000.00 "
121,CXO,Concho Resources,Energy,Oil & Gas Exploration & Production,Midland, Texas,USA,2/22/2016,," $10,515,688,448.00 "
152,D,Dominion Energy,Utilities,Electric Utilities,Richmond, Virginia,USA,,1983," $67,484,176,384.00 "
140,DAL,Delta Air Lines Inc.,Industrials,Airlines,Atlanta, Georgia,USA,9/11/2013,1929," $16,558,768,128.00 "
159,DD,DuPont de Nemours Inc,Materials,Specialty Chemicals,Midland, Michigan,USA,4/2/2019,2017," $40,028,626,944.00 "
,DDOG,DataDog,Information Technology,Software - Application,New York,New York,USA, ,2010," $25,399,314,432.00 "
139,DE,Deere & Co.,Industrials,Agricultural & Farm Machinery,Moline, Illinois,USA,3/4/1957,1837," $54,859,829,248.00 "
146,DFS,Discover Financial Services,Financials,Consumer Finance,Riverwoods, Illinois,USA,7/2/2007,1985," $15,566,216,192.00 "
150,DG,Dollar General,Consumer Discretionary,General Merchandise Stores,Goodlettsville, Tennessee,USA,12/3/2012,1939," $48,255,107,072.00 "
391,DGX,Quest Diagnostics,Health Care,Health Care Services,Secaucus, New Jersey,USA,12/12/2002,," $16,715,162,624.00 "
135,DHI,D. R. Horton,Consumer Discretionary,Homebuilding,Fort Worth, Texas,USA,6/22/2005,1978," $23,175,546,880.00 "
136,DHR,Danaher Corp.,Health Care,Health Care Equipment,Washinton D.C., ,USA,,1969," $138,060,000,000.00 "
481,DIS,The Walt Disney Company,Communication Services,Movies & Entertainment,Burbank, California,USA,6/30/1976,1923," $212,435,000,000.00 "
147,DISCA,"Discovery, Inc. (Class A)",Communication Services,Broadcasting,Silver Spring, Maryland,USA,3/1/2010,," $10,069,980,160.00 "
148,DISCK,"Discovery, Inc. (Class C)",Communication Services,Broadcasting,Silver Spring, Maryland,USA,8/7/2014,," $10,074,735,616.00 "
149,DISH,Dish Network,Communication Services,Cable & Satellite,Meridian, Colorado,USA,3/13/2017,," $17,486,010,368.00 "
145,DLR,Digital Realty Trust Inc,Real Estate,Specialized REITs,San Francisco, California,USA,5/18/2016,2004," $39,439,327,232.00 "
151,DLTR,Dollar Tree,Consumer Discretionary,General Merchandise Stores,Chesapeake, Virginia,USA,12/19/2011,," $22,679,377,920.00 "
,DOCU,DocuSign,Information Technology,Software - Application,San Francisco,California,USA, ,2003," $35,041,042,432.00 "
154,DOV,Dover Corporation,Industrials,Industrial Machinery,Downers Grove, Illinois,USA,10/31/1985,1955," $15,190,275,072.00 "
155,DOW,Dow Inc.,Materials,Commodity Chemicals,Midland, Michigan,USA,4/1/2019,2019," $31,562,549,248.00 "
153,DPZ,Domino's Pizza,Consumer Discretionary,Restaurants,Ann Arbor, Michigan,USA,5/12/2020,1960," $15,223,825,408.00 "
158,DRE,Duke Realty Corp,Real Estate,Industrial REITs,Indianapolis, Indiana,USA,7/26/2017,," $13,725,913,088.00 "
137,DRI,Darden Restaurants,Consumer Discretionary,Restaurants,Orlando, Florida,USA,,1938," $10,209,281,024.00 "
156,DTE,DTE Energy Co.,Utilities,Multi-Utilities,Detroit, Michigan,USA,3/4/1957,1995," $22,067,556,352.00 "
157,DUK,Duke Energy,Utilities,Electric Utilities,Charlotte, North Carolina,USA,6/30/1976,1904," $60,838,481,920.00 "
138,DVA,DaVita Inc.,Health Care,Health Care Facilities,Denver, Colorado,USA,7/31/2008,," $10,636,793,856.00 "
142,DVN,Devon Energy,Energy,Oil & Gas Exploration & Production,Oklahoma City, Oklahoma,USA,8/30/2000,," $4,094,889,984.00 "
160,DXC,DXC Technology,Information Technology,IT Consulting & Other Services,Tysons Corner, Virginia,USA,4/4/2017,2017," $4,357,351,936.00 "
143,DXCM,DexCom,Health Care,Health Care Equipment,San Diego, California,USA,5/12/2020,1999," $39,770,140,672.00 "
168,EA,Electronic Arts,Communication Services,Interactive Home Entertainment,Redwood City, California,USA,7/22/2002,," $39,045,681,152.00 "
164,EBAY,eBay Inc.,Consumer Discretionary,Internet & Direct Marketing Retail,San Jose, California,USA,,1995," $38,731,665,408.00 "
,EBS,Emergent Biosolutions,Health Care,Drug Manufacturers - Specialty & Generic,Gaithersburg,Maryland,USA,,," $4,711,686,656.00 "
165,ECL,Ecolab Inc.,Materials,Specialty Chemicals,St. Paul, Minnesota,USA,1/31/1989,," $59,708,719,104.00 "
123,ED,Consolidated Edison,Utilities,Electric Utilities,New York, New York,USA,,1823," $25,251,430,400.00 "
172,EFX,Equifax Inc.,Industrials,Research & Consulting Services,Atlanta, Georgia,USA,6/19/1997,1899," $20,309,940,224.00 "
166,EIX,Edison Int'l,Utilities,Electric Utilities,Rosemead, California,USA,3/4/1957,1886," $21,172,254,720.00 "
176,EL,Est√©e Lauder Companies,Consumer Staples,Personal Products,New York, New York,USA,1/5/2006,," $69,029,806,080.00 "
162,EMN,Eastman Chemical,Materials,Diversified Chemicals,Kingsport, Tennessee,USA,1/1/1994,," $10,414,915,584.00 "
169,EMR,Emerson Electric Company,Industrials,Electrical Components & Equipment,Ferguson, Missouri,USA,3/31/1965,1890," $37,856,018,432.00 "
171,EOG,EOG Resources,Energy,Oil & Gas Exploration & Production,Houston, Texas,USA,11/2/2000,," $28,543,537,152.00 "
173,EQIX,Equinix,Real Estate,Specialized REITs,Redwood City, California,USA,3/20/2015,," $65,269,706,752.00 "
174,EQR,Equity Residential,Real Estate,Residential REITs,Chicago, Illinois,USA,12/3/2001,," $20,221,327,360.00 "
178,ES,Eversource Energy,Utilities,Multi-Utilities,Springfield, Massachusetts,USA,,1966," $30,650,927,104.00 "
175,ESS,"Essex Property Trust, Inc.",Real Estate,Residential REITs,Palo Alto, California,USA,4/2/2014,," $14,007,173,120.00 "
161,ETFC,E*Trade,Financials,Investment Banking & Brokerage,New York, New York,USA,3/31/2004,," $11,445,777,408.00 "
163,ETN,Eaton Corporation,Industrials,Electrical Components & Equipment,Dublin,, Ireland,,1911," $37,444,001,792.00 "
170,ETR,Entergy Corp.,Utilities,Electric Utilities,New Orleans, Louisiana,USA,3/4/1957,1913," $20,548,632,576.00 "
,ETSY,Etsy,Consumer Cycical,Internet Retail,Brooklyn,New York,USA, ,2005," $12,056,497,152.00 "
,EVBG,Everbridge,Information Technology,Software - Application,Burlington,Massachusetts,USA,,2002," $4,576,842,752.00 "
177,EVRG,Evergy,Utilities,Electric Utilities,Kansas City, Missouri,USA,6/5/2018,1909," $14,524,963,840.00 "
167,EW,Edwards Lifesciences,Health Care,Health Care Equipment,Irvine, California,USA,4/1/2011,," $49,690,677,248.00 "
180,EXC,Exelon Corp.,Utilities,Multi-Utilities,Chicago, Illinois,USA,3/4/1957,2000," $36,832,620,544.00 "
182,EXPD,Expeditors,Industrials,Air Freight & Logistics,Seattle, Washington,USA,10/10/2007,1979," $13,345,700,864.00 "
181,EXPE,Expedia Group,Consumer Discretionary,Internet & Direct Marketing Retail,Seattle, Washington,USA,10/2/2007,1996," $11,803,098,112.00 "
183,EXR,Extra Space Storage,Real Estate,Specialized REITs,Salt Lake City, Utah,USA,1/19/2016,1977," $12,314,900,480.00 "
199,F,Ford Motor Company,Consumer Discretionary,Automobile Manufacturers,Dearborn, Michigan,USA,3/4/1957,1903," $27,362,035,712.00 "
144,FANG,Diamondback Energy,Energy,Oil & Gas Exploration & Production,Midland, Texas,USA,12/3/2018,2007," $6,427,845,632.00 "
187,FAST,Fastenal Co,Industrials,Building Products,Winona, Minnesota,USA,9/15/2008,1967," $26,237,652,992.00 "
186,FB,"Facebook, Inc.",Communication Services,Interactive Media & Services,Menlo Park, California,USA,12/23/2013,2004," $658,220,000,000.00 "
202,FBHS,Fortune Brands Home & Security,Industrials,Building Products,Deerfield, Illinois,USA,6/22/2016,2011 (1969)," $9,794,237,440.00 "
206,FCX,Freeport-McMoRan Inc.,Materials,Copper,Phoenix, Arizona,USA,,1912," $19,049,846,784.00 "
189,FDX,FedEx Corporation,Industrials,Air Freight & Logistics,Memphis, Tennessee,USA,12/31/1980,1971," $43,232,886,784.00 "
192,FE,FirstEnergy Corp,Utilities,Electric Utilities,Akron, Ohio,USA,,1997," $15,970,907,136.00 "
185,FFIV,F5 Networks,Information Technology,Communications Equipment,Seattle, Washington,USA,12/20/2010,1996," $9,276,973,056.00 "
190,FIS,Fidelity National Information Services,Information Technology,Data Processing & Outsourced Services,Jacksonville, Florida,USA,11/10/2006,," $88,782,741,504.00 "
194,FISV,Fiserv Inc,Information Technology,Data Processing & Outsourced Services,Brookfield, Wisconsin,USA,4/2/2001,," $67,370,176,512.00 "
191,FITB,Fifth Third Bancorp,Financials,Regional Banks,Cincinnati, Ohio,USA,,1858," $13,910,761,472.00 "
196,FLIR,FLIR Systems,Information Technology,Electronic Equipment & Instruments,Wilsonville, Oregon,USA,1/2/2009,," $5,360,596,992.00 "
197,FLS,Flowserve Corporation,Industrials,Industrial Machinery,Irving, Texas,USA,10/2/2008,," $3,945,420,288.00 "
195,FLT,FleetCor Technologies Inc,Information Technology,Data Processing & Outsourced Services,Norcross, Georgia,USA,6/20/2018,2000," $21,627,670,528.00 "
198,FMC,FMC Corporation,Materials,Fertilizers & Agricultural Chemicals,Philadelphia, Pennsylvania,USA,8/19/2009,," $13,894,840,320.00 "
204,FOX,Fox Corporation (Class B),Communication Services,Movies & Entertainment,New York, New York,USA,9/18/2015,," $16,030,768,128.00 "
203,FOXA,Fox Corporation (Class A),Communication Services,Movies & Entertainment,New York, New York,USA,7/1/2013,," $16,066,009,088.00 "
193,FRC,First Republic Bank,Financials,Regional Banks,San Francisco, California,USA,1/2/2019,1985," $19,688,069,120.00 "
188,FRT,Federal Realty Investment Trust,Real Estate,Retail REITs,Rockville, Maryland,USA,2/1/2016,," $5,520,452,608.00 "
,FSLY,Fastly,Information Technology,Software - Application,San Francisco,California,USA, ,2011," $8,132,160,512.00 "
437,FTI,TechnipFMC,Energy,Oil & Gas Equipment & Services,London, ,UK,6/5/2009,2017 (1958)," $3,458,116,352.00 "
200,FTNT,Fortinet,Information Technology,Systems Software,Sunnyvale, California,USA,10/11/2018,2000," $21,505,781,760.00 "
201,FTV,Fortive Corp,Industrials,Industrial Machinery,Everett, Washington,USA,7/1/2016,2016," $23,916,775,424.00 "
,GC=F,,,,,,USA,,,
210,GD,General Dynamics,Industrials,Aerospace & Defense,Falls Church, Virginia,USA,3/4/1957,1899," $43,072,778,240.00 "
211,GE,General Electric,Industrials,Industrial Conglomerates,Boston, Massachusetts,USA,,1892," $60,005,036,032.00 "
215,GILD,Gilead Sciences,Health Care,Biotechnology,Foster City, California,USA,7/1/2004,," $92,371,812,352.00 "
212,GIS,General Mills,Consumer Staples,Packaged Foods & Meats,Golden Valley, Minnesota,USA,3/31/1969,1856," $39,171,887,104.00 "
216,GL,Globe Life Inc.,Financials,Life & Health Insurance,McKinney, Texas,USA,4/30/1989,," $8,554,422,272.00 "
127,GLW,Corning Inc.,Information Technology,Electronic Components,Corning, New York,USA,,1851," $22,288,166,912.00 "
213,GM,General Motors,Consumer Discretionary,Automobile Manufacturers,Detroit, Michigan,USA,6/6/2013,1908," $37,565,849,600.00 "
,GOLD,Barrick Gold,Basic Materials,Gold,Toronto,Ontario,Canada, ,1983," $50,570,000,000.00 "
23,GOOG,Alphabet Inc. (Class C),Communication Services,Interactive Media & Services,Mountain View, California,USA,4/3/2006,1998," $1,032,400,000,000.00 "
22,GOOGL,Alphabet Inc. (Class A),Communication Services,Interactive Media & Services,Mountain View, California,USA,4/3/2014,1998," $1,029,180,000,000.00 "
214,GPC,Genuine Parts,Consumer Discretionary,Specialty Stores,Atlanta, Georgia,USA,12/31/1973,1925," $12,787,206,144.00 "
217,GPN,Global Payments Inc.,Information Technology,Data Processing & Outsourced Services,Atlanta, Georgia,USA,4/25/2016,," $51,634,667,520.00 "
207,GPS,Gap Inc.,Consumer Discretionary,Apparel Retail,San Francisco, California,USA,8/31/1986,," $4,713,204,224.00 "
208,GRMN,Garmin Ltd.,Consumer Discretionary,Consumer Electronics,Schaffhausen,, Switzerland,12/12/2012,," $18,479,081,472.00 "
218,GS,Goldman Sachs Group,Financials,Investment Banking & Brokerage,New York, New York,USA,7/22/2002,," $69,282,914,304.00 "
,GSK,GlaxoSmithKline,Health Care,Drug Manufacturers - General,Brentford,,UK,,," $202,150,000,000.00 "
219,GWW,Grainger (W.W.) Inc.,Industrials,Industrial Machinery,Lake Forest, Illinois,USA,6/30/1981,1927," $18,253,406,208.00 "
221,HAL,Halliburton Co.,Energy,Oil & Gas Equipment & Services,Houston, Texas,USA,3/4/1957,1919," $12,904,759,296.00 "
224,HAS,Hasbro Inc.,Consumer Discretionary,Leisure Products,Pawtucket, Rhode Island,USA,9/30/1984,," $10,630,683,648.00 "
241,HBAN,Huntington Bancshares,Financials,Regional Banks,Columbus, Ohio,USA,,1866," $9,736,512,512.00 "
222,HBI,Hanesbrands Inc,Consumer Discretionary,"Apparel, Accessories & Luxury Goods",Winston-Salem, North Carolina,USA,3/20/2015,2000," $4,862,049,280.00 "
225,HCA,HCA Healthcare,Health Care,Health Care Facilities,Nashville, Tennessee,USA,1/27/2015,," $42,374,561,792.00 "
234,HD,Home Depot,Consumer Discretionary,Home Improvement Retail,Atlanta, Georgia,USA,3/31/1988,," $285,346,000,000.00 "
229,HES,Hess Corporation,Energy,Integrated Oil & Gas,New York, New York,USA,5/31/1984,," $15,498,485,760.00 "
232,HFC,HollyFrontier Corp,Energy,Oil & Gas Refining & Marketing,Dallas, Texas,USA,6/18/2018,," $4,367,684,096.00 "
,HG=F,,,,,,USA,,,
223,HIG,Hartford Financial Svc.Gp.,Financials,Property & Casualty Insurance,Hartford, Connecticut,USA,3/4/1957,1810," $14,852,951,040.00 "
242,HII,Huntington Ingalls Industries,Industrials,Aerospace & Defense,Newport News, Virginia,USA,1/3/2018,2011," $7,166,379,520.00 "
231,HLT,Hilton Worldwide Holdings Inc,Consumer Discretionary,"Hotels, Resorts & Cruise Lines",Tysons Corner, Virginia,USA,6/19/2017,1919," $21,468,317,696.00 "
,HOG,Harley-Davidson,Consumer Discretionary,Motorcycle Manufacturers,Milwaukee, Wisconsin,United States,,1903," $4,452,739,072.00 "
233,HOLX,Hologic,Health Care,Health Care Equipment,Marlborough, Massachusetts,USA,3/30/2016,," $15,944,220,672.00 "
235,HON,Honeywell Int'l Inc.,Industrials,Industrial Conglomerates,Morristown, New Jersey,USA,3/31/1964,1906," $104,877,000,000.00 "
230,HPE,Hewlett Packard Enterprise,Information Technology,"Technology Hardware, Storage & Peripherals",Palo Alto, California,USA,11/2/2015,2015," $12,359,391,232.00 "
239,HPQ,HP Inc.,Information Technology,"Technology Hardware, Storage & Peripherals",Palo Alto, California,USA,12/31/1974,1939 (2015)," $25,024,299,008.00 "
220,HRB,H&R Block,Consumer Discretionary,Specialized Consumer Services,Kansas City, Missouri,USA,11/30/1986,," $2,819,758,848.00 "
236,HRL,Hormel Foods Corp.,Consumer Staples,Packaged Foods & Meats,Austin, Minnesota,USA,3/4/2009,," $27,093,116,928.00 "
227,HSIC,Henry Schein,Health Care,Health Care Distributors,Melville, New York,USA,3/17/2015,," $9,568,934,912.00 "
237,HST,Host Hotels & Resorts,Real Estate,Hotel & Resort REITs,Bethesda, Maryland,USA,3/20/2007,," $7,402,068,992.00 "
228,HSY,The Hershey Company,Consumer Staples,Packaged Foods & Meats,Hershey, Pennsylvania,USA,3/4/1957,1894," $30,302,896,128.00 "
240,HUM,Humana Inc.,Health Care,Managed Health Care,Louisville, Kentucky,USA,,1961," $51,843,264,512.00 "
238,HWM,Howmet Aerospace,Industrials,Aerospace & Defense,New York, New York,USA,3/31/1964,2016," $6,781,402,112.00 "
252,IBM,International Business Machines,Information Technology,IT Consulting & Other Services,Armonk, New York,USA,3/4/1957,1911," $111,688,000,000.00 "
251,ICE,Intercontinental Exchange,Financials,Financial Exchanges & Data,Atlanta, Georgia,USA,9/26/2007,2000," $52,708,425,728.00 "
244,IDXX,IDEXX Laboratories,Health Care,Health Care Equipment,Westbrook, Maine,USA,1/5/2017,," $30,510,483,456.00 "
243,IEX,IDEX Corporation,Industrials,Industrial Machinery,Lake Forest, Illinois,USA,8/9/2019,1988," $12,640,960,512.00 "
255,IFF,International Flavors & Fragrances,Materials,Specialty Chemicals,New York, New York,USA,3/31/1976,1958 (1889)," $13,561,116,672.00 "
247,ILMN,Illumina Inc,Health Care,Life Sciences Tools & Services,San Diego, California,USA,11/19/2015,," $56,190,750,720.00 "
248,INCY,Incyte,Health Care,Biotechnology,Wilmington, Delaware,USA,2/28/2017,," $21,611,223,040.00 "
245,INFO,IHS Markit Ltd.,Industrials,Research & Consulting Services,London,,UK,6/2/2017,1959," $31,554,328,576.00 "
250,INTC,Intel Corp.,Information Technology,Semiconductors,Santa Clara, California,USA,12/31/1976,1968," $214,198,000,000.00 "
256,INTU,Intuit Inc.,Information Technology,Application Software,Mountain View, California,USA,12/5/2000,," $75,279,376,384.00 "
253,IP,International Paper,Materials,Paper Packaging,Memphis, Tennessee,USA,3/4/1957,1898," $14,275,249,152.00 "
254,IPG,Interpublic Group,Communication Services,Advertising,New York, New York,USA,10/1/1992,," $7,227,339,776.00 "
259,IPGP,IPG Photonics Corp.,Information Technology,Electronic Manufacturing Services,Oxford, Massachusetts,USA,3/7/2018,," $9,295,207,424.00 "
260,IQV,IQVIA Holdings Inc.,Health Care,Life Sciences Tools & Services,Durham, North Carolina,USA,8/29/2017,1982," $30,202,445,824.00 "
249,IR,Ingersoll Rand,Industrials,Industrial Machinery,Milwaukee, Wisconsin,USA,3/3/2020,1859," $13,164,339,200.00 "
261,IRM,Iron Mountain Incorporated,Real Estate,Specialized REITs,Boston, Massachusetts,USA,1/6/2009,," $7,841,933,312.00 "
257,ISRG,Intuitive Surgical Inc.,Health Care,Health Care Equipment,Sunnyvale, California,USA,6/2/2008,," $78,755,635,200.00 "
209,IT,Gartner Inc,Information Technology,IT Consulting & Other Services,Stamford, Connecticut,USA,4/5/2017,," $11,119,244,288.00 "
246,ITW,Illinois Tool Works,Industrials,Industrial Machinery,Glenview, Illinois,USA,2/28/1986,," $58,381,070,336.00 "
258,IVZ,Invesco Ltd.,Financials,Asset Management & Custody Banks,Atlanta, Georgia,USA,8/21/2008,," $4,790,874,112.00 "
263,J,Jacobs Engineering Group,Industrials,Construction & Engineering,Dallas, Texas,USA,10/26/2007,," $10,920,846,336.00 "
264,JBHT,J. B. Hunt Transport Services,Industrials,Trucking,Lowell, Arkansas,USA,7/1/2015,," $13,799,260,160.00 "
267,JCI,Johnson Controls International,Industrials,Building Products,Cork,, Ireland,8/27/2010,," $27,374,120,960.00 "
262,JKHY,Jack Henry & Associates,Information Technology,Data Processing & Outsourced Services,Monett, Missouri,USA,11/13/2018,1976," $13,759,358,976.00 "
266,JNJ,Johnson & Johnson,Health Care,Pharmaceuticals,New Brunswick, New Jersey,USA,6/30/1973,1886," $390,496,000,000.00 "
269,JNPR,Juniper Networks,Information Technology,Communications Equipment,Sunnyvale, California,USA,6/2/2006,1996," $8,111,496,704.00 "
268,JPM,JPMorgan Chase & Co.,Financials,Diversified Banks,New York, New York,USA,6/30/1975,2000 (1799 / 1871)," $299,518,000,000.00 "
,JWN,Nordstrom,Consumer Discretionary,Department Stores,Seattle, Washington,United States,8/31/1986,," $2,364,916,992.00 "
271,K,Kellogg Co.,Consumer Staples,Packaged Foods & Meats,Battle Creek, Michigan,USA,,1906," $23,534,577,664.00 "
272,KEY,KeyCorp,Financials,Regional Banks,Cleveland, Ohio,USA,3/1/1994,," $11,955,350,528.00 "
273,KEYS,Keysight Technologies,Information Technology,Electronic Equipment & Instruments,Santa Rosa, California,USA,11/6/2018,2014," $18,114,533,376.00 "
279,KHC,Kraft Heinz Co,Consumer Staples,Packaged Foods & Meats,Chicago,Illinois,USA,7/6/2015,2015 (1869)," $42,373,066,752.00 "
275,KIM,Kimco Realty,Real Estate,Retail REITs,New Hyde Park, New York,USA,4/4/2006,," $4,649,643,520.00 "
277,KLAC,KLA Corporation,Information Technology,Semiconductor Equipment,Milpitas, California,USA,,1975/1977 (1997)," $29,181,771,776.00 "
274,KMB,Kimberly-Clark,Consumer Staples,Household Products,Irving, Texas,USA,3/4/1957,1872," $50,176,196,608.00 "
276,KMI,Kinder Morgan,Energy,Oil & Gas Storage & Transportation,Houston, Texas,USA,5/25/2012,1997," $32,226,232,320.00 "
86,KMX,Carmax Inc,Consumer Discretionary,Specialty Stores,Richmond, Virginia,USA,6/28/2010,," $15,893,581,824.00 "
115,KO,Coca-Cola Company,Consumer Staples,Soft Drinks,Atlanta, Georgia,USA,3/4/1957,1886," $208,286,000,000.00 "
280,KR,Kroger Co.,Consumer Staples,Food Retail,Cincinnati, Ohio,USA,3/4/1957,1883," $27,001,810,944.00 "
278,KSS,Kohl's Corp.,Consumer Discretionary,General Merchandise Stores,Menomonee Falls, Wisconsin,USA,,1962," $3,290,393,856.00 "
270,KSU,Kansas City Southern,Industrials,Railroads,Kansas City, Missouri,USA,5/24/2013,," $14,595,835,904.00 "
296,L,Loews Corp.,Financials,Multi-line Insurance,New York, New York,USA,,," $10,376,324,096.00 "
281,LB,L Brands Inc.,Consumer Discretionary,Apparel Retail,Columbus, Ohio,USA,9/30/1983,1963," $5,331,538,432.00 "
288,LDOS,Leidos Holdings,Information Technology,IT Consulting & Other Services,Reston, Virginia,USA,8/9/2019,1969," $12,935,947,264.00 "
287,LEG,Leggett & Platt,Consumer Discretionary,Home Furnishings,Carthage, Missouri,USA,,1883," $4,752,712,704.00 "
289,LEN,Lennar Corp.,Consumer Discretionary,Homebuilding,Miami, Florida,USA,10/4/2005,1954," $21,124,036,608.00 "
283,LH,Laboratory Corp. of America Holding,Health Care,Health Care Services,Burlington, North Carolina,USA,11/1/2004,," $19,317,528,576.00 "
282,LHX,L3Harris Technologies,Industrials,Aerospace & Defense,Melbourne, Florida,USA,,2019 (1895)," $36,965,580,800.00 "
292,LIN,Linde plc,Materials,Industrial Gases,Guildford, ,UK,7/1/1992,1879," $128,182,000,000.00 "
294,LKQ,LKQ Corporation,Consumer Discretionary,Distributors,Chicago, Illinois,USA,5/23/2016,," $8,498,945,024.00 "
290,LLY,Lilly (Eli) & Co.,Health Care,Pharmaceuticals,Indianapolis, Indiana,USA,12/31/1970,1876," $152,592,000,000.00 "
295,LMT,Lockheed Martin Corp.,Industrials,Aerospace & Defense,Bethesda, Maryland,USA,7/31/1984,," $107,962,000,000.00 "
291,LNC,Lincoln National,Financials,Multi-line Insurance,Radnor, Pennsylvania,USA,6/30/1976,1905," $7,189,864,960.00 "
20,LNT,Alliant Energy Corp,Utilities,Electric Utilities,Madison, Wisconsin,USA,7/1/2016,1917," $13,253,652,480.00 "
,LOGI,Logitech,Information Technology,Computer Hardware,Lausanne,,Switzerland,,1981," $11,898,882,048.00 "
297,LOW,Lowe's Cos.,Consumer Discretionary,Home Improvement Retail,Mooresville, North Carolina,USA,2/29/1984,1904/1946/1959," $111,008,000,000.00 "
284,LRCX,Lam Research,Information Technology,Semiconductor Equipment,Fremont, California,USA,6/29/2012,," $50,185,408,512.00 "
421,LUV,Southwest Airlines,Industrials,Airlines,Dallas, Texas,USA,7/1/1994,," $18,659,960,832.00 "
,LVGO,Livongo Health,Health Care,Medical Devices,Mountain View,California,United States, ,2008," $10,674,768,896.00 "
286,LVS,Las Vegas Sands,Consumer Discretionary,Casinos & Gaming,Las Vegas, Nevada,USA,10/3/2019,1988," $33,879,062,528.00 "
285,LW,Lamb Weston Holdings Inc,Consumer Staples,Packaged Foods & Meats,Eagle, Idaho,USA,12/3/2018,2016 (1950)," $9,899,984,896.00 "
298,LYB,LyondellBasell,Materials,Specialty Chemicals,Rotterdam,, Netherlands,9/5/2012,2007," $22,852,831,232.00 "
293,LYV,Live Nation Entertainment,Communication Services,Movies & Entertainment,Beverly Hills, California,USA,12/23/2019,2010," $10,315,258,880.00 "
307,MA,Mastercard Inc.,Information Technology,Data Processing & Outsourced Services,Harrison, New York,USA,7/18/2008,," $308,068,000,000.00 "
320,MAA,Mid-America Apartments,Real Estate,Residential REITs,Memphis, Tennessee,USA,12/2/2016,," $12,723,834,880.00 "
303,MAR,Marriott Int'l.,Consumer Discretionary,"Hotels, Resorts & Cruise Lines",Bethesda, Maryland,USA,,1927," $28,372,400,128.00 "
306,MAS,Masco Corp.,Industrials,Building Products,Livonia, Michigan,USA,6/30/1981,1929," $14,269,145,088.00 "
,MASI,Masimo,Health Care,Medical Instruments & Supplies,Irvine,California,United States, ,1989," $12,630,000,000.00 "
310,MCD,McDonald's Corp.,Consumer Discretionary,Restaurants,Chicago, Illinois,USA,6/30/1970,1940," $147,759,000,000.00 "
317,MCHP,Microchip Technology,Information Technology,Semiconductors,Chandler, Arizona,USA,9/7/2007,," $25,298,014,208.00 "
311,MCK,McKesson Corp.,Health Care,Health Care Distributors,Irving, Texas,USA,,1833," $25,183,098,880.00 "
325,MCO,Moody's Corp,Financials,Financial Exchanges & Data,New York, New York,USA,,1909," $54,314,999,808.00 "
323,MDLZ,Mondelez International,Consumer Staples,Packaged Foods & Meats,Chicago, Illinois,USA,10/2/2012,," $78,324,727,808.00 "
312,MDT,Medtronic plc,Health Care,Health Care Equipment,Dublin,, Ireland,10/31/1986,1949," $129,234,000,000.00 "
314,MET,MetLife Inc.,Financials,Life & Health Insurance,New York, New York,USA,,1868," $34,688,053,248.00 "
316,MGM,MGM Resorts International,Consumer Discretionary,Casinos & Gaming,Paradise, Nevada,USA,7/26/2017,," $7,787,912,192.00 "
321,MHK,Mohawk Industries,Consumer Discretionary,Home Furnishings,Calhoun, Georgia,USA,12/23/2013,," $6,051,394,048.00 "
308,MKC,McCormick & Co.,Consumer Staples,Packaged Foods & Meats,Hunt Valley, Maryland,USA,,1889," $25,776,670,720.00 "
302,MKTX,MarketAxess,Financials,Financial Exchanges & Data,New York, New York,USA,7/1/2019,2000," $19,175,358,464.00 "
305,MLM,Martin Marietta Materials,Materials,Construction Materials,Raleigh, North Carolina,USA,7/2/2014,," $13,920,288,768.00 "
304,MMC,Marsh & McLennan,Financials,Insurance Brokers,New York, New York,USA,8/31/1987,," $58,011,361,280.00 "
0,MMM,3M Company,Industrials,Industrial Conglomerates,St. Paul, Minnesota,USA,8/9/1976,1902," $91,939,332,096.00 "
324,MNST,Monster Beverage,Consumer Staples,Soft Drinks,Corona, California,USA,6/28/2012,," $39,429,111,808.00 "
24,MO,Altria Group Inc,Consumer Staples,Tobacco,Richmond, Virginia,USA,3/4/1957,1985," $77,772,783,616.00 "
327,MOS,The Mosaic Company,Materials,Fertilizers & Agricultural Chemicals,Tampa, Florida,USA,9/26/2011,2004 (1865 / 1909)," $5,181,203,456.00 "
301,MPC,Marathon Petroleum,Energy,Oil & Gas Refining & Marketing,Findlay, Ohio,USA,7/1/2011,2009 (1887)," $25,165,101,056.00 "
313,MRK,Merck & Co.,Health Care,Pharmaceuticals,Kenilworth, New Jersey,USA,3/4/1957,1891," $194,608,000,000.00 "
,MRNA,Moderna,Health Care,Biotechnology,Cambridge,Massachusetts,United States,9/1/2010,," $66,540,000,000.00 "
300,MRO,Marathon Oil Corp.,Energy,Oil & Gas Exploration & Production,Houston, Texas,USA,5/1/1991,," $4,520,584,704.00 "
,MRVL,Marvell Technology,Information Technology,Semiconductors,Hamilton,,Bermuda, ,1995," $23,278,848,000.00 "
326,MS,Morgan Stanley,Financials,Investment Banking & Brokerage,New York, New York,USA,,1935," $79,066,619,904.00 "
329,MSCI,MSCI Inc,Financials,Financial Exchanges & Data,New York, New York,USA,4/4/2018,1969," $32,238,680,064.00 "
319,MSFT,Microsoft Corp.,Information Technology,Systems Software,Redmond, Washington,USA,6/1/1994,1975," $1,524,040,000,000.00 "
328,MSI,Motorola Solutions Inc.,Information Technology,Communications Equipment,Chicago, Illinois,USA,,1928 (2011)," $24,103,596,032.00 "
299,MTB,M&T Bank Corp.,Financials,Regional Banks,Buffalo, New York,USA,2/23/2004,1856," $13,485,339,648.00 "
315,MTD,Mettler Toledo,Health Care,Life Sciences Tools & Services,Columbus, Ohio,USA,9/6/2016,," $20,625,477,632.00 "
318,MU,Micron Technology,Information Technology,Semiconductors,Boise, Idaho,USA,9/27/1994,," $55,572,221,952.00 "
309,MXIM,Maxim Integrated Products Inc,Information Technology,Semiconductors,San Jose, California,USA,12/3/2018,1983," $17,902,495,744.00 "
330,MYL,Mylan N.V.,Health Care,Pharmaceuticals,Amsterdam,, Netherlands,4/23/2004,1961," $8,250,474,496.00 "
343,NBL,Noble Energy Inc,Energy,Oil & Gas Exploration & Production,Houston, Texas,USA,10/8/2007,," $5,226,524,672.00 "
348,NCLH,Norwegian Cruise Line Holdings,Consumer Discretionary,"Hotels, Resorts & Cruise Lines",Miami, Florida,USA,10/13/2017,2011 (1966)," $3,961,891,072.00 "
331,NDAQ,"Nasdaq, Inc.",Financials,Financial Exchanges & Data,New York, New York,USA,10/22/2008,," $21,421,111,296.00 "
339,NEE,NextEra Energy,Utilities,Multi-Utilities,Juno Beach, Florida,USA,6/30/1976,1984 (1925)," $137,168,000,000.00 "
336,NEM,Newmont Corporation,Materials,Gold,Denver, Colorado,USA,6/30/1969,1921," $53,572,550,656.00 "
,NET,Cloudflare,Information Technology,Software - Infrastructure,San Francisco,California,United States,7/1/2009,2009," $10,850,000,000.00 "
334,NFLX,Netflix Inc.,Communication Services,Movies & Entertainment,Los Gatos, California,USA,12/20/2010,1997," $211,886,000,000.00 "
342,NI,NiSource Inc.,Utilities,Multi-Utilities,Merrillville, Indiana,USA,,1912," $9,393,888,256.00 "
341,NKE,Nike,Consumer Discretionary,"Apparel, Accessories & Luxury Goods",Washington County, Oregon,USA,11/30/1988,," $153,062,000,000.00 "
347,NLOK,NortonLifeLock,Information Technology,Application Software,Tempe, Arizona,USA,3/25/2003,," $12,046,414,848.00 "
340,NLSN,Nielsen Holdings,Industrials,Research & Consulting Services,New York, New York,USA,7/9/2013,1923," $5,322,186,752.00 "
346,NOC,Northrop Grumman,Industrials,Aerospace & Defense,West Falls Church, Virginia,USA,6/30/1985,," $52,126,363,648.00 "
332,NOV,National Oilwell Varco Inc.,Energy,Oil & Gas Equipment & Services,Houston, Texas,USA,3/14/2005,," $4,945,960,960.00 "
414,NOW,ServiceNow,Information Technology,Systems Software,Santa Clara, California,USA,11/21/2019,2003," $81,085,431,808.00 "
349,NRG,NRG Energy,Utilities,Independent Power Producers & Energy Traders,Princeton, New Jersey,USA,1/29/2010,," $8,345,334,272.00 "
344,NSC,Norfolk Southern Corp.,Industrials,Railroads,Norfolk, Virginia,USA,3/4/1957,1881/1894 (1980)," $47,908,036,608.00 "
333,NTAP,NetApp,Information Technology,"Technology Hardware, Storage & Peripherals",Sunnyvale, California,USA,6/25/1999,," $9,582,451,712.00 "
345,NTRS,Northern Trust Corp.,Financials,Asset Management & Custody Banks,Chicago, Illinois,USA,,1889," $15,821,309,952.00 "
350,NUE,Nucor Corp.,Materials,Steel,Charlotte, North Carolina,USA,4/30/1985,," $12,903,634,944.00 "
351,NVDA,Nvidia Corporation,Information Technology,Semiconductors,Santa Clara, California,USA,11/30/2001,," $250,785,000,000.00 "
352,NVR,NVR Inc,Consumer Discretionary,Homebuilding,Reston, VA,USA,9/26/2019,1980," $14,056,870,912.00 "
335,NWL,Newell Brands,Consumer Discretionary,Housewares & Specialties,Atlanta, Georgia,USA,4/30/1989,," $7,269,073,920.00 "
338,NWS,News Corp. Class B,Communication Services,Publishing,New York, New York,USA,9/18/2015,," $7,475,793,408.00 "
337,NWSA,News Corp. Class A,Communication Services,Publishing,New York, New York,USA,8/1/2013,," $7,481,665,024.00 "
395,O,Realty Income Corporation,Real Estate,Retail REITs,San Diego, California,USA,4/7/2015,," $19,718,946,816.00 "
355,ODFL,Old Dominion Freight Line,Industrials,Trucking,Thomasville, North Carolina,USA,12/9/2019,1934," $21,494,843,392.00 "
357,OKE,ONEOK,Energy,Oil & Gas Storage & Transportation,Tulsa, Oklahoma,USA,3/15/2010,," $12,751,995,904.00 "
,OKTA,Okta,Information Technology,Software - Infrastructure,San Francisco,California,United States, ,2009," $25,624,594,432.00 "
356,OMC,Omnicom Group,Communication Services,Advertising,New York, New York,USA,,1986," $12,119,846,912.00 "
358,ORCL,Oracle Corp.,Information Technology,Application Software,Redwood Shores, California,USA,8/31/1989,," $170,772,000,000.00 "
353,ORLY,O'Reilly Automotive,Consumer Discretionary,Specialty Stores,Springfield, Missouri,USA,3/27/2009,," $32,832,952,320.00 "
359,OTIS,Otis Worldwide,Industrials,Industrial Machinery,Farmington, Connecticut,USA,4/3/2020,2020 (1853)," $25,174,882,304.00 "
354,OXY,Occidental Petroleum,Energy,Oil & Gas Exploration & Production,Houston, Texas,USA,12/31/1982,1920," $15,565,002,752.00 "
,PANW,Palo Alto Networks,Information Technology,Software - Infrastructure,Santa Clara,California,United States, ,2005," $23,515,494,400.00 "
364,PAYC,Paycom,Information Technology,Application Software,Oklahoma City, Oklahoma,USA,1/28/2020,1998," $16,806,713,344.00 "
363,PAYX,Paychex Inc.,Information Technology,Data Processing & Outsourced Services,Penfield, New York,USA,,1971," $25,899,606,016.00 "
367,PBCT,People's United Financial,Financials,Thrifts & Mortgage Finance,Bridgeport, Connecticut,USA,11/13/2008,," $5,095,896,064.00 "
360,PCAR,PACCAR Inc.,Industrials,Construction Machinery & Heavy Trucks,Bellevue, Washington,USA,12/31/1980,1905," $29,642,633,216.00 "
226,PEAK,Healthpeak Properties,Real Estate,Health Care REITs,Long Beach, California,USA,3/31/2008,," $14,124,205,056.00 "
384,PEG,Public Service Enterprise Group (PSEG),Utilities,Electric Utilities,Newark, New Jersey,USA,3/4/1957,1903," $26,429,018,112.00 "
368,PEP,PepsiCo Inc.,Consumer Staples,Soft Drinks,Purchase, New York,USA,3/4/1957,1898," $189,722,000,000.00 "
371,PFE,Pfizer Inc.,Health Care,Pharmaceuticals,New York, New York,USA,3/4/1957,1849," $209,195,000,000.00 "
379,PFG,Principal Financial Group,Financials,Life & Health Insurance,Des Moines, Iowa,USA,7/22/2002,," $12,261,070,848.00 "
380,PG,Procter & Gamble,Consumer Staples,Personal Products,Cincinnati, Ohio,USA,3/4/1957,1837," $311,832,000,000.00 "
381,PGR,Progressive Corp.,Financials,Property & Casualty Insurance,Mayfield Village, Ohio,USA,8/4/1997,," $51,424,280,576.00 "
362,PH,Parker-Hannifin,Industrials,Industrial Machinery,Cleveland, Ohio,USA,11/30/1985,," $23,445,760,000.00 "
386,PHM,PulteGroup,Consumer Discretionary,Homebuilding,Atlanta, Georgia,USA,4/30/1984,1956," $11,428,509,696.00 "
361,PKG,Packaging Corporation of America,Materials,Paper Packaging,Lake Forest, Illinois,USA,7/26/2017,," $9,748,891,648.00 "
369,PKI,PerkinElmer,Health Care,Health Care Equipment,Waltham, Massachusetts,USA,5/31/1985,," $12,293,672,960.00 "
382,PLD,Prologis,Real Estate,Industrial REITs,San Francisco, California,USA,7/17/2003,," $73,791,733,760.00 "
372,PM,Philip Morris International,Consumer Staples,Tobacco,New York, New York,USA,3/31/2008,2008 (1847)," $119,665,000,000.00 "
376,PNC,PNC Financial Services,Financials,Regional Banks,Pittsburgh, Pennsylvania,USA,4/30/1988,," $45,406,998,528.00 "
366,PNR,Pentair plc,Industrials,Industrial Machinery,Worsley,, UK,10/1/2012,," $7,023,425,536.00 "
374,PNW,Pinnacle West Capital,Utilities,Multi-Utilities,Phoenix, Arizona,USA,,1985," $9,154,679,808.00 "
377,PPG,PPG Industries,Materials,Specialty Chemicals,Pittsburgh, Pennsylvania,USA,3/4/1957,1883," $26,089,615,360.00 "
378,PPL,PPL Corp.,Utilities,Electric Utilities,Allentown, Pennsylvania,USA,,1920," $19,764,922,368.00 "
370,PRGO,Perrigo,Health Care,Pharmaceuticals,Dublin,, Ireland,12/19/2011,2013 (1887)," $7,606,264,832.00 "
383,PRU,Prudential Financial,Financials,Life & Health Insurance,Newark, New Jersey,USA,7/22/2002,," $25,564,739,584.00 "
385,PSA,Public Storage,Real Estate,Specialized REITs,Glendale, California,USA,8/19/2005,1972," $32,399,628,288.00 "
373,PSX,Phillips 66,Energy,Oil & Gas Refining & Marketing,Houston, Texas,USA,5/1/2012,2012 (1917)," $28,410,075,136.00 "
,PTON,Peloton,Consumer Cycical,Leisure Products,New York,New York,United States, ,2012," $17,510,000,000.00 "
387,PVH,PVH Corp.,Consumer Discretionary,"Apparel, Accessories & Luxury Goods",New York, New York,USA,2/15/2013,," $3,557,638,400.00 "
389,PWR,Quanta Services Inc.,Industrials,Construction & Engineering,Houston, Texas,USA,7/1/2009,," $5,599,480,320.00 "
375,PXD,Pioneer Natural Resources,Energy,Oil & Gas Exploration & Production,Irving, Texas,USA,9/24/2008,," $16,374,534,144.00 "
365,PYPL,PayPal,Information Technology,Data Processing & Outsourced Services,San Jose, California,USA,7/20/2015,1998," $202,582,000,000.00 "
390,QCOM,QUALCOMM Inc.,Information Technology,Semiconductors,San Diego, California,USA,,1985," $99,995,033,600.00 "
388,QRVO,Qorvo,Information Technology,Semiconductors,Greensboro, North Carolina,USA,6/11/2015,2015," $12,806,333,440.00 "
406,RCL,Royal Caribbean Cruises Ltd,Consumer Discretionary,"Hotels, Resorts & Cruise Lines",Miami, Florida,USA,12/5/2014,," $10,907,355,136.00 "
,RDS-A,Royal Dutch Shell,Energy,Oil & Gas,The Haugue,,Netherlands, ,1907," $121,536,000,000.00 "
179,RE,Everest Re Group Ltd.,Financials,Reinsurance,Hamilton,, Bermuda,6/19/2017,," $8,957,488,128.00 "
396,REG,Regency Centers Corporation,Real Estate,Retail REITs,Jacksonville, Florida,USA,3/2/2017,," $6,778,374,144.00 "
397,REGN,Regeneron Pharmaceuticals,Health Care,Biotechnology,Tarrytown, New York,USA,5/1/2013,," $62,474,199,040.00 "
398,RF,Regions Financial Corp.,Financials,Regional Banks,Birmingham, Alabama,USA,8/28/1998,," $10,479,706,112.00 "
401,RHI,Robert Half International,Industrials,Human Resource & Employment Services,Menlo Park, California,USA,12/5/2000,," $6,042,963,456.00 "
393,RJF,Raymond James Financial Inc.,Financials,Investment Banking & Brokerage,St. Petersburg, Florida,USA,3/20/2017,," $9,882,676,224.00 "
392,RL,Ralph Lauren Corporation,Consumer Discretionary,"Apparel, Accessories & Luxury Goods",New York, New York,USA,2/2/2007,," $5,191,449,088.00 "
400,RMD,ResMed,Health Care,Health Care Equipment,San Diego, California,USA,7/26/2017,," $29,286,590,464.00 "
,RNG,Ringcentral,Information Technology,Software - Application,Belmont,California,United States, ,1999," $23,579,549,696.00 "
402,ROK,Rockwell Automation Inc.,Industrials,Electrical Components & Equipment,Milwaukee, Wisconsin,USA,,1903," $26,198,231,040.00 "
403,ROL,Rollins Inc.,Industrials,Environmental & Facilities Services,Atlanta, Georgia,USA,10/1/2018,1948," $15,955,697,664.00 "
404,ROP,Roper Technologies,Industrials,Industrial Conglomerates,Sarasota, Florida,USA,12/23/2009,," $43,352,940,544.00 "
405,ROST,Ross Stores,Consumer Discretionary,Apparel Retail,Dublin, California,USA,12/21/2009,," $30,666,240,000.00 "
399,RSG,Republic Services Inc,Industrials,Environmental & Facilities Services,Phoenix, Arizona,USA,12/5/2008,," $27,066,068,992.00 "
394,RTX,Raytheon Technologies,Industrials,Aerospace & Defense,Waltham, Massachusetts,USA,,1922," $94,045,986,816.00 "
409,SBAC,SBA Communications,Real Estate,Specialized REITs,Boca Raton, Florida,USA,9/1/2017,," $33,340,153,856.00 "
423,SBUX,Starbucks Corp.,Consumer Discretionary,Restaurants,Seattle, Washington,USA,,1971," $88,533,778,432.00 "
99,SCHW,Charles Schwab Corporation,Financials,Investment Banking & Brokerage,San Francisco, California,USA,6/2/1997,," $44,982,104,064.00 "
412,SEE,Sealed Air,Materials,Paper Packaging,Charlotte, North Carolina,USA,3/4/1957,1960," $5,798,447,104.00 "
,SHOP,Shopify,Information Technology,Software - Application,Ottawa,Ontario,Canada,,2004," $110,878,000,000.00 "
415,SHW,Sherwin-Williams,Materials,Specialty Chemicals,Cleveland, Ohio,USA,6/30/1964,1866," $56,297,816,064.00 "
427,SIVB,SVB Financial,Financials,Regional Banks,Santa Clara, California,USA,3/19/2018,," $11,870,186,496.00 "
265,SJM,JM Smucker,Consumer Staples,Packaged Foods & Meats,Orrville, Ohio,USA,11/6/2008,," $12,339,639,296.00 "
410,SLB,Schlumberger Ltd.,Energy,Oil & Gas Equipment & Services,Cura√ßao,, Kingdom of the Netherlands,3/31/1965,1926," $27,034,540,032.00 "
418,SLG,SL Green Realty,Real Estate,Office REITs,New York, New York,USA,3/20/2015,," $3,554,452,480.00 "
419,SNA,Snap-on,Industrials,Industrial Machinery,Kenosha, Wisconsin,USA,9/30/1982,1920," $7,704,708,096.00 "
429,SNPS,Synopsys Inc.,Information Technology,Application Software,Mountain View, California,USA,3/16/2017,," $29,158,066,176.00 "
,SNY,Sanofi,Health Care,Drug Manufacturers - General,Paris, ,France, ,2004," $64,250,000,000.00 "
420,SO,Southern Company,Utilities,Electric Utilities,Atlanta, Georgia,USA,3/4/1957,1945," $57,919,406,080.00 "
416,SPG,Simon Property Group Inc,Real Estate,Retail REITs,Indianapolis, Indiana,USA,6/26/2002,2003," $18,519,580,672.00 "
407,SPGI,"S&P Global, Inc.",Financials,Financial Exchanges & Data,New York, New York,USA,,1917," $84,307,771,392.00 "
,SPLK,Splunk,Information Technology,Software - Infrastructure,San Francisco,California,United States, ,2003," $31,710,000,000.00 "
,SPOT,Spotify,Communication Services,Internet Content & Information,Luxembourg,,Luxembourg, ,2006," $49,970,000,000.00 "
,SQ,Square,Information Technology,Software - Infrastructure,San Francisco,California,United States, ,2009," $53,340,000,000.00 "
413,SRE,Sempra Energy,Utilities,Multi-Utilities,San Diego, California,USA,,1998," $36,749,504,512.00 "
425,STE,STERIS plc,Health Care,Health Care Equipment,Dublin,, Ireland,12/23/2019,1985," $13,282,151,424.00 "
424,STT,State Street Corp.,Financials,Asset Management & Custody Banks,Boston,, Massachusetts,,1792," $21,971,079,168.00 "
411,STX,Seagate Technology,Information Technology,"Technology Hardware, Storage & Peripherals",Dublin,, Ireland,7/2/2012,," $12,328,264,704.00 "
124,STZ,Constellation Brands,Consumer Staples,Distillers & Vintners,Victor,, New York,7/1/2005,," $34,751,160,320.00 "
422,SWK,Stanley Black & Decker,Industrials,Industrial Machinery,New Britain,, Connecticut,9/30/1982,1843," $23,567,560,704.00 "
417,SWKS,Skyworks Solutions,Information Technology,Semiconductors,Woburn,, Massachusetts,3/12/2015,," $21,957,285,888.00 "
428,SYF,Synchrony Financial,Financials,Consumer Finance,Stamford,, Connecticut,11/18/2015,2003," $13,752,161,280.00 "
426,SYK,Stryker Corp.,Health Care,Health Care Equipment,Kalamazoo,, Michigan,12/12/2000,," $74,636,402,688.00 "
430,SYY,Sysco Corp.,Consumer Staples,Food Distributors,Houston,, Texas,12/31/1986,," $27,888,531,456.00 "
53,T,AT&T Inc.,Communication Services,Integrated Telecommunication Services,Dallas,, Texas,1983-11-30 (1957-03-04),1983 (1885)," $210,686,000,000.00 "
322,TAP,Molson Coors Beverage Company,Consumer Staples,Brewers,Denver,, Colorado,6/30/1976,"2005 (Molson 1786, Coors 1873)"," $7,951,609,344.00 "
447,TDG,TransDigm Group,Industrials,Aerospace & Defense,Cleveland,, Ohio,6/3/2016,1993," $23,011,008,512.00 "
438,TDY,Teledyne Technologies,Industrials,Aerospace & Defense,Thousand Oaks,, California,6/22/2020,1960," $11,390,000,000.00 "
436,TEL,TE Connectivity Ltd.,Information Technology,Electronic Manufacturing Services,Schaffhausen,,,10/17/2011,2007," $28,785,833,984.00 "
449,TFC,Truist Financial,Financials,Regional Banks,Charlotte,, North Carolina,12/4/1997,," $50,858,803,200.00 "
439,TFX,Teleflex,Health Care,Health Care Equipment,Wayne,, Pennsylvania,1/18/2019,1943," $17,997,271,040.00 "
435,TGT,Target Corp.,Consumer Discretionary,General Merchandise Stores,Minneapolis,, Minnesota,12/31/1976,1902," $61,856,858,112.00 "
443,TIF,Tiffany & Co.,Consumer Discretionary,"Apparel, Accessories & Luxury Goods",New York,, New York,6/21/2000,," $14,732,739,584.00 "
444,TJX,TJX Companies Inc.,Consumer Discretionary,Apparel Retail,Framingham,, Massachusetts,9/30/1985,," $63,355,875,328.00 "
442,TMO,Thermo Fisher Scientific,Health Care,Life Sciences Tools & Services,Waltham,, Massachusetts,,2006 (1902)," $160,500,000,000.00 "
431,TMUS,T-Mobile US,Communication Services,Wireless Telecommunication Services,Bellevue,, Washington,7/15/2019,1994," $129,987,000,000.00 "
434,TPR,"Tapestry, Inc.",Consumer Discretionary,"Apparel, Accessories & Luxury Goods",New York,, New York,,2017," $3,719,040,000.00 "
432,TROW,T. Rowe Price Group,Financials,Asset Management & Custody Banks,Baltimore,, Maryland,,1937," $30,484,738,048.00 "
448,TRV,The Travelers Companies Inc.,Financials,Property & Casualty Insurance,New York,, New York,8/21/2002,," $29,905,440,768.00 "
445,TSCO,Tractor Supply Company,Consumer Discretionary,Specialty Stores,Brentwood,, Tennessee,1/24/2014,," $16,943,263,744.00 "
,TSLA,Tesla,,,,,,,," $262,818,000,000.00 "
452,TSN,Tyson Foods,Consumer Staples,Packaged Foods & Meats,Springdale,, Arkansas,,1935," $22,157,942,784.00 "
446,TT,Trane Technologies plc,Industrials,Building Products,Dublin,, Ireland,11/17/2010,1871," $24,820,221,952.00 "
,TTD,Trade Desk,Information Technology,Software - Application,Ventura,California,United States, ,2008," $19,620,000,000.00 "
433,TTWO,Take-Two Interactive,Communication Services,Interactive Home Entertainment,New York, New York,USA,3/19/2018,," $17,777,387,520.00 "
,TW,Tradeweb Markets,Financials,Capital Markets,New York,New York,United States, ,1996," $12,310,000,000.00 "
450,TWTR,"Twitter, Inc.",Communication Services,Interactive Media & Services,San Francisco, California,USA,6/7/2018,2006," $29,454,972,928.00 "
440,TXN,Texas Instruments,Information Technology,Semiconductors,Dallas, Texas,USA,,1930," $118,734,000,000.00 "
441,TXT,Textron Inc.,Industrials,Aerospace & Defense,Providence, Rhode Island,USA,12/31/1978,1923," $7,813,662,720.00 "
451,TYL,Tyler Technologies,Technology,Application Software,Plano, Texas,USA,,1966," $14,200,000,000.00 "
457,UA,Under Armour (Class C),Consumer Discretionary,"Apparel, Accessories & Luxury Goods",Baltimore, Maryland,USA,4/8/2016,," $4,707,950,592.00 "
456,UAA,Under Armour (Class A),Consumer Discretionary,"Apparel, Accessories & Luxury Goods",Baltimore, Maryland,USA,5/1/2014,," $4,701,238,784.00 "
459,UAL,United Airlines Holdings,Industrials,Airlines,Chicago, Illinois,USA,9/3/2015,1967," $9,567,554,560.00 "
453,UDR,"UDR, Inc.",Real Estate,Residential REITs,Highlands Ranch, Colorado,USA,3/7/2016,," $10,465,505,280.00 "
463,UHS,"Universal Health Services, Inc.",Health Care,Health Care Facilities,King of Prussia, Pennsylvania,USA,9/20/2014,," $9,178,855,424.00 "
454,ULTA,Ulta Beauty,Consumer Discretionary,Specialty Stores,Bolingbrook, Illinois,USA,4/18/2016,1990," $11,471,256,576.00 "
460,UNH,United Health Group Inc.,Health Care,Managed Health Care,Minnetonka, Minnesota,USA,7/1/1994,," $285,263,000,000.00 "
464,UNM,Unum Group,Financials,Life & Health Insurance,Chattanooga, Tennessee,USA,3/1/1994,," $3,688,004,352.00 "
458,UNP,Union Pacific Corp,Industrials,Railroads,Omaha, Nebraska,USA,3/4/1957,1862," $119,509,000,000.00 "
461,UPS,United Parcel Service,Industrials,Air Freight & Logistics,Atlanta, Georgia,USA,7/22/2002,1907," $102,039,000,000.00 "
462,URI,"United Rentals, Inc.",Industrials,Trading Companies & Distributors,Stamford, Connecticut,USA,9/20/2014,1997," $11,591,324,672.00 "
455,USB,U.S. Bancorp,Financials,Diversified Banks,Minneapolis, Minnesota,USA,,1968," $55,612,227,584.00 "
474,V,Visa Inc.,Information Technology,Data Processing & Outsourced Services,San Francisco, California,USA,12/21/2009,," $428,665,000,000.00 "
467,VAR,Varian Medical Systems,Health Care,Health Care Equipment,Palo Alto, California,USA,2/12/2007,," $11,548,022,784.00 "
,VEEV,Veeva Systems,Health Care,Health Information Services,Pleasanton,California,United States, ,2007," $37,830,000,000.00 "
465,VFC,VF Corporation,Consumer Discretionary,"Apparel, Accessories & Luxury Goods",Greensboro, North Carolina,USA,6/30/1979,1899," $23,334,584,320.00 "
473,VIAC,ViacomCBS,Communication Services,Movies & Entertainment,New York, New York,USA,,2019 (1952)," $15,323,665,408.00 "
466,VLO,Valero Energy,Energy,Oil & Gas Refining & Marketing,San Antonio, Texas,USA,,1980," $23,638,388,736.00 "
476,VMC,Vulcan Materials,Materials,Construction Materials,Birmingham, Alabama,USA,6/30/1999,1909," $16,856,199,168.00 "
,VMW,VMWare,Information Technology,Software - Infrastructure,Palo Alto,California,United States, ,1998," $59,010,000,000.00 "
475,VNO,Vornado Realty Trust,Real Estate,Office REITs,New York, New York,USA,,1982," $6,690,970,624.00 "
470,VRSK,Verisk Analytics,Industrials,Research & Consulting Services,Jersey City, New Jersey,USA,10/8/2015,1971," $29,170,923,520.00 "
469,VRSN,Verisign Inc.,Information Technology,Internet Services & Infrastructure,Dulles, Virginia,USA,2/1/2006,," $24,093,347,840.00 "
472,VRTX,Vertex Pharmaceuticals Inc,Health Care,Biotechnology,Cambridge, Massachusetts,USA,9/23/2013,," $72,206,049,280.00 "
468,VTR,Ventas Inc,Real Estate,Health Care REITs,Chicago, Illinois,USA,3/4/2009,," $13,344,892,928.00 "
471,VZ,Verizon Communications,Communication Services,Integrated Telecommunication Services,New York, New York,USA,11/30/1983,1983 (1877)," $235,287,000,000.00 "
478,WAB,Wabtec Corporation,Industrials,Construction Machinery & Heavy Trucks,Wilmerding, Pennsylvania,USA,2/27/2019,1999 (1869)," $11,773,179,904.00 "
483,WAT,Waters Corporation,Health Care,Health Care Distributors,Milford, Massachusetts,USA,,1958," $13,808,735,232.00 "
480,WBA,Walgreens Boots Alliance,Consumer Staples,Drug Retail,Deerfield, Illinois,USA,12/31/1979,2014," $35,103,293,440.00 "
488,WDC,Western Digital,Information Technology,"Technology Hardware, Storage & Peripherals",Irvine, California,USA,7/1/2009,1970," $12,842,186,752.00 "
484,WEC,WEC Energy Group,Utilities,Electric Utilities,Milwaukee, Wisconsin,USA,10/31/2008,1896," $29,521,561,600.00 "
486,WELL,Welltower Inc.,Real Estate,Health Care REITs,Toledo, Ohio,USA,1/30/2009,1970," $21,466,769,408.00 "
485,WFC,Wells Fargo,Financials,Diversified Banks,San Francisco, California,USA,6/30/1976,1852," $108,180,000,000.00 "
492,WHR,Whirlpool Corp.,Consumer Discretionary,Household Appliances,Benton Harbor, Michigan,USA,,1911," $9,792,900,096.00 "
,WING,,,,,,USA,,," $4,047,304,960.00 "
,WIX,Wix.com,Information Technology,Software - Infrastructure,Tel Aviv,,Israel, ,2006," $13,882,388,480.00 "
494,WLTW,Willis Towers Watson,Financials,Insurance Brokers,London, ,UK,1/5/2016,2016," $27,235,950,592.00 "
482,WM,Waste Management Inc.,Industrials,Environmental & Facilities Services,Houston, Texas,USA,,1968," $45,274,841,088.00 "
493,WMB,Williams Companies,Energy,Oil & Gas Storage & Transportation,Tulsa, Oklahoma,USA,3/31/1975,1908," $23,305,570,304.00 "
479,WMT,Walmart,Consumer Staples,Hypermarkets & Super Centers,Bentonville, Arkansas,USA,8/31/1982,1962," $371,665,000,000.00 "
,WORK,Slack,Information Technology,Software - Application,San Francisco,California,United States, ,2009," $16,753,103,872.00 "
477,WRB,W. R. Berkley Corporation,Financials,Property & Casualty Insurance,Greenwich, Connecticut,USA,12/5/2019,1967," $11,380,466,688.00 "
490,WRK,WestRock,Materials,Paper Packaging,Richmond, Virginia,USA,,2015," $7,832,093,696.00 "
487,WST,West Pharmaceutical Services,Health Care,Health Care Supplies,Exton, Pennsylvania,USA,5/22/2020,1923," $19,332,354,048.00 "
489,WU,Western Union Co,Information Technology,Data Processing & Outsourced Services,Englewood, Colorado,USA,9/29/2006,1851," $9,233,035,264.00 "
491,WY,Weyerhaeuser,Real Estate,Specialized REITs,Federal Way, Washington,USA,,1900," $19,483,439,104.00 "
495,WYNN,Wynn Resorts Ltd,Consumer Discretionary,Casinos & Gaming,Paradise, Nevada,USA,11/14/2008,2002," $7,918,590,464.00 "
496,XEL,Xcel Energy Inc,Utilities,Multi-Utilities,Minneapolis, Minnesota,USA,3/4/1957,1909," $35,648,606,208.00 "
498,XLNX,Xilinx,Information Technology,Semiconductors,San Jose, California,USA,11/8/1999,1984," $24,966,297,600.00 "
184,XOM,Exxon Mobil Corp.,Energy,Integrated Oil & Gas,Irving, Texas,USA,3/4/1957,1999," $183,728,000,000.00 "
141,XRAY,Dentsply Sirona,Health Care,Health Care Supplies,Charlotte, North Carolina,USA,11/14/2008,," $9,473,019,904.00 "
497,XRX,Xerox,Information Technology,"Technology Hardware, Storage & Peripherals",Norwalk, Connecticut,USA,,1906," $3,332,432,896.00 "
499,XYL,Xylem Inc.,Industrials,Industrial Machinery,White Plains, New York,USA,11/1/2011,2011," $13,358,689,280.00 "
500,YUM,Yum! Brands Inc,Consumer Discretionary,Restaurants,Louisville, Kentucky,USA,10/6/1997,1997," $28,033,835,008.00 "
502,ZBH,Zimmer Biomet Holdings,Health Care,Health Care Equipment,Warsaw, Indiana,USA,8/7/2001,1927," $27,734,216,704.00 "
501,ZBRA,Zebra Technologies,Information Technology,Electronic Equipment & Instruments,Lincolnshire, Illinois,USA,12/23/2019,1969," $14,333,670,400.00 "
503,ZION,Zions Bancorp,Financials,Regional Banks,Salt Lake City, Utah,USA,6/22/2001,1873," $5,514,580,480.00 "
,ZM,Zoom,Communication Services,Telecom Services,San Jose,California,USA,,," $69,555,314,688.00 "
504,ZTS,Zoetis,Health Care,Pharmaceuticals,Florham Park, New Jersey,USA,6/21/2013,1952," $68,495,990,784.00 "
